{
  "ridge": {
    "accuracy": 0.8458,
    "weighted_f1": 0.7751,
    "macro_f1": 0.3055,
    "train_time_seconds": 0.005,
    "confusion_matrix": [
      [
        2084,
        0,
        0
      ],
      [
        349,
        0,
        0
      ],
      [
        31,
        0,
        0
      ]
    ],
    "classification_report": {
      "Slight": {
        "precision": 0.8457792207792207,
        "recall": 1.0,
        "f1-score": 0.9164467897977133,
        "support": 2084.0
      },
      "Serious": {
        "precision": 0.0,
        "recall": 0.0,
        "f1-score": 0.0,
        "support": 349.0
      },
      "Fatal": {
        "precision": 0.0,
        "recall": 0.0,
        "f1-score": 0.0,
        "support": 31.0
      },
      "accuracy": 0.8457792207792207,
      "macro avg": {
        "precision": 0.2819264069264069,
        "recall": 0.3333333333333333,
        "f1-score": 0.30548226326590444,
        "support": 2464.0
      },
      "weighted avg": {
        "precision": 0.7153424903019059,
        "recall": 0.8457792207792207,
        "f1-score": 0.7751116517607284,
        "support": 2464.0
      }
    },
    "recall_per_class": {
      "Slight Injury": 1.0,
      "Serious Injury": 0.0,
      "Fatal injury": 0.0
    },
    "precision_per_class": {
      "Slight Injury": 0.8458,
      "Serious Injury": 0.0,
      "Fatal injury": 0.0
    },
    "roc_auc": 0.0
  },
  "lasso": {
    "accuracy": 0.8458,
    "weighted_f1": 0.7751,
    "macro_f1": 0.3055,
    "train_time_seconds": 0.003,
    "confusion_matrix": [
      [
        2084,
        0,
        0
      ],
      [
        349,
        0,
        0
      ],
      [
        31,
        0,
        0
      ]
    ],
    "classification_report": {
      "Slight": {
        "precision": 0.8457792207792207,
        "recall": 1.0,
        "f1-score": 0.9164467897977133,
        "support": 2084.0
      },
      "Serious": {
        "precision": 0.0,
        "recall": 0.0,
        "f1-score": 0.0,
        "support": 349.0
      },
      "Fatal": {
        "precision": 0.0,
        "recall": 0.0,
        "f1-score": 0.0,
        "support": 31.0
      },
      "accuracy": 0.8457792207792207,
      "macro avg": {
        "precision": 0.2819264069264069,
        "recall": 0.3333333333333333,
        "f1-score": 0.30548226326590444,
        "support": 2464.0
      },
      "weighted avg": {
        "precision": 0.7153424903019059,
        "recall": 0.8457792207792207,
        "f1-score": 0.7751116517607284,
        "support": 2464.0
      }
    },
    "recall_per_class": {
      "Slight Injury": 1.0,
      "Serious Injury": 0.0,
      "Fatal injury": 0.0
    },
    "precision_per_class": {
      "Slight Injury": 0.8458,
      "Serious Injury": 0.0,
      "Fatal injury": 0.0
    },
    "roc_auc": 0.0
  },
  "lr": {
    "accuracy": 0.4899,
    "weighted_f1": 0.583,
    "macro_f1": 0.3103,
    "train_time_seconds": 0.033,
    "confusion_matrix": [
      [
        1076,
        534,
        474
      ],
      [
        145,
        115,
        89
      ],
      [
        4,
        11,
        16
      ]
    ],
    "classification_report": {
      "Slight": {
        "precision": 0.8783673469387755,
        "recall": 0.5163147792706334,
        "f1-score": 0.6503475370202478,
        "support": 2084.0
      },
      "Serious": {
        "precision": 0.17424242424242425,
        "recall": 0.32951289398280803,
        "f1-score": 0.22794846382556988,
        "support": 349.0
      },
      "Fatal": {
        "precision": 0.027633851468048358,
        "recall": 0.5161290322580645,
        "f1-score": 0.05245901639344262,
        "support": 31.0
      },
      "accuracy": 0.4898538961038961,
      "macro avg": {
        "precision": 0.3600812075497493,
        "recall": 0.45398556850383526,
        "f1-score": 0.31025167241308677,
        "support": 2464.0
      },
      "weighted avg": {
        "precision": 0.7679321454856021,
        "recall": 0.4898538961038961,
        "f1-score": 0.5829969604437976,
        "support": 2464.0
      }
    },
    "recall_per_class": {
      "Slight Injury": 0.5163,
      "Serious Injury": 0.3295,
      "Fatal injury": 0.5161
    },
    "precision_per_class": {
      "Slight Injury": 0.8784,
      "Serious Injury": 0.1742,
      "Fatal injury": 0.0276
    },
    "roc_auc": 0.5659
  },
  "knn": {
    "accuracy": 0.8336,
    "weighted_f1": 0.7791,
    "macro_f1": 0.3274,
    "train_time_seconds": 0.002,
    "confusion_matrix": [
      [
        2039,
        44,
        1
      ],
      [
        334,
        15,
        0
      ],
      [
        30,
        1,
        0
      ]
    ],
    "classification_report": {
      "Slight": {
        "precision": 0.8485226799833542,
        "recall": 0.9784069097888676,
        "f1-score": 0.9088477824827279,
        "support": 2084.0
      },
      "Serious": {
        "precision": 0.25,
        "recall": 0.04297994269340974,
        "f1-score": 0.07334963325183375,
        "support": 349.0
      },
      "Fatal": {
        "precision": 0.0,
        "recall": 0.0,
        "f1-score": 0.0,
        "support": 31.0
      },
      "accuracy": 0.8336038961038961,
      "macro avg": {
        "precision": 0.36617422666111804,
        "recall": 0.34046228416075913,
        "f1-score": 0.3273991385781872,
        "support": 2464.0
      },
      "weighted avg": {
        "precision": 0.75307275368722,
        "recall": 0.8336038961038961,
        "f1-score": 0.7790737827511749,
        "support": 2464.0
      }
    },
    "recall_per_class": {
      "Slight Injury": 0.9784,
      "Serious Injury": 0.043,
      "Fatal injury": 0.0
    },
    "precision_per_class": {
      "Slight Injury": 0.8485,
      "Serious Injury": 0.25,
      "Fatal injury": 0.0
    },
    "roc_auc": 0.5737
  },
  "nb": {
    "accuracy": 0.8251,
    "weighted_f1": 0.7659,
    "macro_f1": 0.3019,
    "train_time_seconds": 0.006,
    "confusion_matrix": [
      [
        2033,
        4,
        47
      ],
      [
        342,
        0,
        7
      ],
      [
        31,
        0,
        0
      ]
    ],
    "classification_report": {
      "Slight": {
        "precision": 0.8449709060681629,
        "recall": 0.97552783109405,
        "f1-score": 0.9055679287305123,
        "support": 2084.0
      },
      "Serious": {
        "precision": 0.0,
        "recall": 0.0,
        "f1-score": 0.0,
        "support": 349.0
      },
      "Fatal": {
        "precision": 0.0,
        "recall": 0.0,
        "f1-score": 0.0,
        "support": 31.0
      },
      "accuracy": 0.8250811688311688,
      "macro avg": {
        "precision": 0.28165696868938767,
        "recall": 0.32517594369801667,
        "f1-score": 0.3018559762435041,
        "support": 2464.0
      },
      "weighted avg": {
        "precision": 0.714658834515443,
        "recall": 0.8250811688311688,
        "f1-score": 0.7659105371243456,
        "support": 2464.0
      }
    },
    "recall_per_class": {
      "Slight Injury": 0.9755,
      "Serious Injury": 0.0,
      "Fatal injury": 0.0
    },
    "precision_per_class": {
      "Slight Injury": 0.845,
      "Serious Injury": 0.0,
      "Fatal injury": 0.0
    },
    "roc_auc": 0.5765
  },
  "dt": {
    "accuracy": 0.4773,
    "weighted_f1": 0.5553,
    "macro_f1": 0.3203,
    "train_time_seconds": 0.057,
    "confusion_matrix": [
      [
        976,
        853,
        255
      ],
      [
        131,
        186,
        32
      ],
      [
        5,
        12,
        14
      ]
    ],
    "classification_report": {
      "Slight": {
        "precision": 0.8776978417266187,
        "recall": 0.46833013435700577,
        "f1-score": 0.6107634543178974,
        "support": 2084.0
      },
      "Serious": {
        "precision": 0.17697431018078022,
        "recall": 0.5329512893982808,
        "f1-score": 0.26571428571428574,
        "support": 349.0
      },
      "Fatal": {
        "precision": 0.046511627906976744,